id	message	like_count
240412729975197_240423306640806	0	UP
240412729975197_240575153292288	0	cir√£o vc √© 12
240412729975197_240450879971382	1	Ciro Ferreira Gomes futuro presidente do Brasil. E 12 12 12 12 12 12 12 12 12 12 12 12 12 12 12 12 12. #12 √© # ele n√£o
240412729975197_240518819964588	0	" Ciro Gomes" demonstra conhecimentos dos assuntos,em rela√ß√£o ao jovens  per√≠odo integral profissionalizantes preparar√£o √† Juventude para o Mercado de Trabalho,com qualifica√ß√£o. A experi√™ncia faz √† diferen√ßa.
240412729975197_240479159968554	0	Qual s√£o as proposta pro Cear√°? 
Pq o que o Cear√° mais precisa √© de empresas pra n√£o ficar precisando de bolsa fam√≠lia
240412729975197_240489643300839	0	Vc e o melhor para todos, Ciro 12
240412729975197_240443226638814	0	Vamos juntos , mostrar que essa pesquisa e comprada
240412729975197_240450639971406	0	#Ciro12 Presidente
240412729975197_240580239958446	0	#Ciro12 #CiroNoSegundoTurno
240412729975197_240434333306370	0	j√° fazem isso na alemanha...a ideia √© √≥tima
240412729975197_240517546631382	0	Ciro voto em voc√™ pois acredito no pa√≠s com mais gera√ß√£o de empregos principalmente para aquelas pessoas que terminaram o ensino m√©dio e fizeram cursos e n√£o est√£o no mercado de trabalho por falta de experi√™ncia.Que as empresas possam dar oportunidade a essas pessoas.
240412729975197_240420589974411	0	Andressa Gelbcke perceba esse fundo
240412729975197_240449853304818	0	Ideia simples e eficaz assim o bolsonada nao fala...
240412729975197_240530266630110	0	Gilson Junior
240412729975197_240579833291820	0	Ciro, vc acredita numa escola p√∫blica de qualidade? Escola que formaria jovens com condi√ß√µes de competir por universidades p√∫blicas com aqueles estudantes vindos do ensino privado?
E as universidades p√∫blicas, continuam sendo gratuitas? Seu potencial de pesquisa e desenvolvimento seria incentivado?
#pergunteaociro12 Perguntei.
240412729975197_240483609968109	0	#Ciro12
240412729975197_240570589959411	0	Wiler Coelho serei seu guia para voc√™ conhecer as propostas do #Ciro12
240412729975197_240442589972211	0	Aline Carla
240412729975197_240718469944623	0	Gilmark Mota uns dos motivos de votar em Ciro.. abre o olho..
240412729975197_240576169958853	0	#Ciro12 Presidente
O melhor candidato!
240412729975197_240481573301646	0	√â isso a√≠! Na luta at√© o segundo turno! #cirososegundoturno #ciropresidente #ciro12
240412729975197_240679709948499	1	Gleise
240412729975197_240432279973242	0	La√≠s Cristina Rodrigues
240412729975197_240499996633137	0	Camila Ramos
240412729975197_240455426637594	6	parabens ciro,vo√ße mostra que √© o √∫nico candidato que tem proposta coerente com a nossa realidade...nem tiro nem faca #elenao
240412729975197_240548446628292	0	#ciro12
240412729975197_240417529974717	0	#CiroPresidente
#Ciro12
Vamos com tudo presidente!!!
240412729975197_240553066627830	0	Intensifica nas redes sociais!!!
240412729975197_240442573305546	1	Quem sabe de mim sou eu!! Nenhuma pesquisa me dir√° o que pensar! #CIRO12
240412729975197_240442246638912	0	Ciro12
240412729975197_240435983306205	1	A conduta p√∫blica ilibada qualifica Ciro Gomes em a perspectiva audaz,  a conduta p√∫blica ilibada qualifica Ciro Gomes em um presidenci√°vel proeminente, a conduta  p√∫blica ilibada qualifica Ciro Gomes em a esperan√ßa com projetos eficientes que tem o prop√≥sito principal de reduzir  prontamente as mazelas que afligem  os brasileiros e as brasileiras.

Preparado para Governar o Brasil √© Ciro Gomes Presidente!
240412729975197_240498259966644	2	Vamos l√° vejo com √≥timos olhos essa proposta, mas tenho alguns questionamentos e queria saber como meu atual candidato a presidente Ciro Gomes e sua equipe v√™em isso. 

A escola em tempo integral √© extremamente interessante em alguns pontos mas traz alguns problemas.
,
Grande parte de nossa juventude, principalmente a perif√©rica, precisa, infelizmente, aliar educa√ß√£o com outras tarefas, sejam elas dom√©sticas, como cuidar de irm√£os mais novos ou do lar qdo seus pais est√£o trabalhando, e at√© mesmo ao necessitar realizar atividades que ajudem na renda da fam√≠lia. A pergunta neste ponto √©: Os investimentos em escolas regulares de ensino m√©dio, tamb√©m ser√£o reais e maiores, ou teremos o foco apenas nestas escolas profissionalizantes?

No Esp√≠rito Santo (Escola Viva) e em SP vimos um movimento forte de contesta√ß√£o de estudantes e professores contra medidas na educa√ß√£o, onde buscaram investir em escolas espec√≠ficas √† medida que fecharam escolas, diminu√≠ram turmas e acabaram com turnos noturnos em diversos espa√ßos. Portanto repito a pergunta: O investimento neste modelo de escola ser√° em detrimento da popula√ß√£o perif√©rica, negra e que precisa de um modelo mais adequado a sua realidade? 

Outra quest√£o sobre a escola profissionalizante. Sabemos que muitos dos atuais modelos engessam o estudo com cursos t√©cnicos que s√£o voltados apenas ao mercado, n√£o que isso seja ruim necessariamente, √© necess√°rio qualificar a m√£o de obra, mas quando eliminamos outras possibilidades, fechamos portas que tamb√©m s√£o necess√°rias √† juventude. Como essas escolas, por exemplo, potencializar√£o, o acesso √†s profiss√µes que caminhem ao lado da Economia Criativa?

Fugindo um pouco, quais s√£o as propostas para o Ensino Superior?
240412729975197_240547663295037	0	Ciro12 presidente
240412729975197_240598459956624	0	Esse projeto que eu achei demais 
Fran Balestrin .
240412729975197_240550449961425	0	MEU CANDIDATO! 
√â ASSIM CARA!! CIR√ÉO 2018
240412729975197_240652103284593	0	#Ciro12
#CiroPresidente
240412729975197_240453443304459	12	Sou Cearense da cidade de Martin√≥pole e posso afirmar que est√°s escolas s√£o de primeiro mundo j√° tive a oportunidade de trabalhar na constru√ß√£o de 2 escolas como Tecn√≥logo em constru√ß√£o  e tamb√©m j√° fui professor em outra na √°rea de edifica√ß√µes,e posso afirmar com certeza a qualidade destas escolas ,vamos dar oportunidade ao #Ciro 12 para ampliar este tipo de escola para todo o Brasil.
Obrigado.
240412729975197_240432196639917	0	Helcio Kricky
240412729975197_240416459974824	20	O eleitorado mais indeciso √© o feminino. Bora conquista a confian√ßa das mulheres desse Brasil?
240412729975197_240628809953589	0	Crian√ßas tristes √© o mesmo jovem tristes qu√™ vir√° homem tristes...üòÑüòÑüòÑ
240412729975197_240459346637202	0	#Ciro12 #CiroNoSegundoTurno
240412729975197_240431046640032	0	#Ciro12 
üëâCIROü§ôningu√©m menos que eleüëà
             AVANTE!!!! üëâ12üëà
           VAMOS PONDERAR...
240412729975197_240549529961517	0	https://m.facebook.com/story.php?story_fbid=1369674519829193&id=100003599735866

#Votem #l√° #galeraüëÜ
#Compartilhem
240412729975197_240543923295411	0	Parab√©ns, Ciro!!! Sou professora e somos 12!
240412729975197_240628569953613	0	Mais s√©ria bom olhar olhar.as creches.de crian√ßas de 0 a 5.para t√™m mais brinquedos. Dan√ßa..porqu√™ as crian√ßas s√£o o futuro jovem.
240412729975197_240430626640074	0	üëèüëèüëèüëèüëèüëè
240412729975197_240549289961541	0	Yuri Bone Calistini marcando s√≥ pra nao perder
240412729975197_240415806641556	0	#Ciro12
240412729975197_240541226629014	0	#Ciro2018 #Ciro12 #Cir√£oDaMassa #Cir√£oCabuloso #SomosTODOSCiro12 #Mude #VemPraMassa
240412729975197_240435446639592	0	#Ciro12
240412729975197_240457226637414	0	#CiroPresidente
240412729975197_240502069966263	0	#ciro12 #parepenseexista
240412729975197_240438406639296	0	Ciro tenho um video pra ti URGENTE COMO FASSO URGENTE CIRO
240412729975197_240428293306974	0	Vamos pra cima! #Ciro12
240412729975197_240451716637965	0	Helder Souza
